Latitude,Longitude,Elevation,LatitudeID,LongitudeID
45.84986054412121,17.74986031997845,101.0,2,17
45.84986054412121,17.8498603195784,103.4,2,18
45.84986054412121,17.949860319178345,96.0,2,19
45.84986054412121,18.049860318778297,93.4,2,20
45.84986054412121,18.14986031837824,96.8,2,21
45.84986054412121,18.249860317978193,134.2,2,22
45.84986054412121,18.349860317578145,103.2,2,23
45.84986054412121,18.44986031717809,106.2,2,24
45.84986054412121,18.54986031677804,109.0,2,25
45.949860543803865,17.349860321578657,106.6,3,13
45.949860543803865,17.4498603211786,108.2,3,14
45.949860543803865,17.549860320778553,111.0,3,15
45.949860543803865,17.649860320378504,107.2,3,16
45.949860543803865,17.74986031997845,101.2,3,17
45.949860543803865,17.8498603195784,101.2,3,18
45.949860543803865,17.949860319178345,100.6,3,19
45.949860543803865,18.049860318778297,112.2,3,20
45.949860543803865,18.14986031837824,153.2,3,21
45.949860543803865,18.249860317978193,184.0,3,22
45.949860543803865,18.349860317578145,134.2,3,23
45.949860543803865,18.44986031717809,122.4,3,24
45.949860543803865,18.54986031677804,125.2,3,25
45.949860543803865,18.649860316377985,89.0,3,26
45.949860543803865,18.749860315977937,83.4,3,27
45.949860543803865,18.84986031557789,81.0,3,28
45.949860543803865,18.949860315177833,83.8,3,29
46.049860543486524,17.349860321578657,112.8,4,13
46.049860543486524,17.4498603211786,134.2,4,14
46.049860543486524,17.549860320778553,144.2,4,15
46.049860543486524,17.649860320378504,132.0,4,16
46.049860543486524,17.74986031997845,115.2,4,17
46.049860543486524,17.8498603195784,135.2,4,18
46.049860543486524,17.949860319178345,136.4,4,19
46.049860543486524,18.049860318778297,166.2,4,20
46.049860543486524,18.14986031837824,211.4,4,21
46.049860543486524,18.249860317978193,161.4,4,22
46.049860543486524,18.349860317578145,173.2,4,23
46.049860543486524,18.44986031717809,170.0,4,24
46.049860543486524,18.54986031677804,167.8,4,25
46.049860543486524,18.649860316377985,142.8,4,26
46.049860543486524,18.749860315977937,106.6,4,27
46.049860543486524,18.84986031557789,84.2,4,28
46.049860543486524,18.949860315177833,89.8,4,29
46.049860543486524,19.049860314777785,96.0,4,30
46.049860543486524,19.14986031437773,103.4,4,31
46.049860543486524,19.24986031397768,112.0,4,32
46.049860543486524,19.349860313577626,115.2,4,33
46.14986054316918,17.249860321978705,139.4,5,12
46.14986054316918,17.349860321578657,125.4,5,13
46.14986054316918,17.4498603211786,140.2,5,14
46.14986054316918,17.549860320778553,164.4,5,15
46.14986054316918,17.649860320378504,158.6,5,16
46.14986054316918,17.74986031997845,164.0,5,17
46.14986054316918,17.8498603195784,189.0,5,18
46.14986054316918,17.949860319178345,221.2,5,19
46.14986054316918,18.049860318778297,245.8,5,20
46.14986054316918,18.14986031837824,284.4,5,21
46.14986054316918,18.249860317978193,309.0,5,22
46.14986054316918,18.349860317578145,301.0,5,23
46.14986054316918,18.44986031717809,229.8,5,24
46.14986054316918,18.54986031677804,209.6,5,25
46.14986054316918,18.649860316377985,170.8,5,26
46.14986054316918,18.749860315977937,107.8,5,27
46.14986054316918,18.84986031557789,88.6,5,28
46.14986054316918,18.949860315177833,94.2,5,29
46.14986054316918,19.049860314777785,118.6,5,30
46.14986054316918,19.14986031437773,121.8,5,31
46.14986054316918,19.24986031397768,120.2,5,32
46.14986054316918,19.349860313577626,125.0,5,33
46.14986054316918,19.449860313177577,131.2,5,34
46.14986054316918,19.84986031157737,99.6,5,38
46.14986054316918,20.049860310777266,75.2,5,40
46.14986054316918,20.149860310377218,74.4,5,41
46.14986054316918,20.24986030997717,77.0,5,42
46.14986054316918,20.449860309177065,77.0,5,44
46.14986054316918,20.64986030837696,82.4,5,46
46.249860542851835,16.949860323178864,139.8,6,9
46.249860542851835,17.04986032277881,131.4,6,10
46.249860542851835,17.14986032237876,143.0,6,11
46.249860542851835,17.249860321978705,150.6,6,12
46.249860542851835,17.349860321578657,142.0,6,13
46.249860542851835,17.4498603211786,142.2,6,14
46.249860542851835,17.549860320778553,164.2,6,15
46.249860542851835,17.649860320378504,192.2,6,16
46.249860542851835,17.74986031997845,216.6,6,17
46.249860542851835,17.8498603195784,195.2,6,18
46.249860542851835,17.949860319178345,210.8,6,19
46.249860542851835,18.049860318778297,204.2,6,20
46.249860542851835,18.14986031837824,174.8,6,21
46.249860542851835,18.249860317978193,217.6,6,22
46.249860542851835,18.349860317578145,277.8,6,23
46.249860542851835,18.44986031717809,225.4,6,24
46.249860542851835,18.54986031677804,203.0,6,25
46.249860542851835,18.649860316377985,173.4,6,26
46.249860542851835,18.749860315977937,85.4,6,27
46.249860542851835,18.84986031557789,86.6,6,28
46.249860542851835,18.949860315177833,91.0,6,29
46.249860542851835,19.049860314777785,133.4,6,30
46.249860542851835,19.14986031437773,141.4,6,31
46.249860542851835,19.24986031397768,132.0,6,32
46.249860542851835,19.349860313577626,130.6,6,33
46.249860542851835,19.449860313177577,131.4,6,34
46.249860542851835,19.54986031277753,130.6,6,35
46.249860542851835,19.649860312377474,124.6,6,36
46.249860542851835,19.749860311977425,113.2,6,37
46.249860542851835,19.84986031157737,98.2,6,38
46.249860542851835,19.94986031117732,87.0,6,39
46.249860542851835,20.049860310777266,78.6,6,40
46.249860542851835,20.149860310377218,78.2,6,41
46.249860542851835,20.24986030997717,80.4,6,42
46.249860542851835,20.349860309577114,78.0,6,43
46.249860542851835,20.449860309177065,77.8,6,44
46.249860542851835,20.54986030877701,82.0,6,45
46.249860542851835,20.64986030837696,86.0,6,46
46.249860542851835,21.049860306776754,99.4,6,50
46.349860542534486,16.949860323178864,168.8,7,9
46.349860542534486,17.04986032277881,176.2,7,10
46.349860542534486,17.14986032237876,167.8,7,11
46.349860542534486,17.249860321978705,160.8,7,12
46.349860542534486,17.349860321578657,155.6,7,13
46.349860542534486,17.4498603211786,148.8,7,14
46.349860542534486,17.549860320778553,165.6,7,15
46.349860542534486,17.649860320378504,173.0,7,16
46.349860542534486,17.74986031997845,144.6,7,17
46.349860542534486,17.8498603195784,160.0,7,18
46.349860542534486,17.949860319178345,154.0,7,19
46.349860542534486,18.049860318778297,149.8,7,20
46.349860542534486,18.14986031837824,149.2,7,21
46.349860542534486,18.249860317978193,181.8,7,22
46.349860542534486,18.349860317578145,205.6,7,23
46.349860542534486,18.44986031717809,165.0,7,24
46.349860542534486,18.54986031677804,139.6,7,25
46.349860542534486,18.649860316377985,147.8,7,26
46.349860542534486,18.749860315977937,90.2,7,27
46.349860542534486,18.84986031557789,86.4,7,28
46.349860542534486,18.949860315177833,86.2,7,29
46.349860542534486,19.049860314777785,99.2,7,30
46.349860542534486,19.14986031437773,124.6,7,31
46.349860542534486,19.24986031397768,140.0,7,32
46.349860542534486,19.349860313577626,141.0,7,33
46.349860542534486,19.449860313177577,130.4,7,34
46.349860542534486,19.54986031277753,127.8,7,35
46.349860542534486,19.649860312377474,120.4,7,36
46.349860542534486,19.749860311977425,110.2,7,37
46.349860542534486,19.84986031157737,94.8,7,38
46.349860542534486,19.94986031117732,86.4,7,39
46.349860542534486,20.049860310777266,80.8,7,40
46.349860542534486,20.149860310377218,75.4,7,41
46.349860542534486,20.24986030997717,76.6,7,42
46.349860542534486,20.349860309577114,76.4,7,43
46.349860542534486,20.449860309177065,78.4,7,44
46.349860542534486,20.54986030877701,82.2,7,45
46.349860542534486,20.64986030837696,85.4,7,46
46.349860542534486,20.749860307976906,89.6,7,47
46.349860542534486,20.849860307576858,94.8,7,48
46.349860542534486,20.94986030717681,95.8,7,49
46.349860542534486,21.049860306776754,95.8,7,50
46.349860542534486,21.149860306376706,97.6,7,51
46.449860542217145,16.74986032397896,190.4,8,7
46.449860542217145,16.849860323578913,179.6,8,8
46.449860542217145,16.949860323178864,154.0,8,9
46.449860542217145,17.04986032277881,183.0,8,10
46.449860542217145,17.14986032237876,152.0,8,11
46.449860542217145,17.249860321978705,140.2,8,12
46.449860542217145,17.349860321578657,165.6,8,13
46.449860542217145,17.4498603211786,144.6,8,14
46.449860542217145,17.549860320778553,148.4,8,15
46.449860542217145,17.649860320378504,159.2,8,16
46.449860542217145,17.74986031997845,162.2,8,17
46.449860542217145,17.8498603195784,153.8,8,18
46.449860542217145,17.949860319178345,151.2,8,19
46.449860542217145,18.049860318778297,141.8,8,20
46.449860542217145,18.14986031837824,140.0,8,21
46.449860542217145,18.249860317978193,147.4,8,22
46.449860542217145,18.349860317578145,179.8,8,23
46.449860542217145,18.44986031717809,184.4,8,24
46.449860542217145,18.54986031677804,138.8,8,25
46.449860542217145,18.649860316377985,103.4,8,26
46.449860542217145,18.749860315977937,95.6,8,27
46.449860542217145,18.84986031557789,88.0,8,28
46.449860542217145,18.949860315177833,87.0,8,29
46.449860542217145,19.049860314777785,86.4,8,30
46.449860542217145,19.14986031437773,92.8,8,31
46.449860542217145,19.24986031397768,118.2,8,32
46.449860542217145,19.349860313577626,126.2,8,33
46.449860542217145,19.449860313177577,126.4,8,34
46.449860542217145,19.54986031277753,125.8,8,35
46.449860542217145,19.649860312377474,116.4,8,36
46.449860542217145,19.749860311977425,104.8,8,37
46.449860542217145,19.84986031157737,95.6,8,38
46.449860542217145,19.94986031117732,86.8,8,39
46.449860542217145,20.049860310777266,81.8,8,40
46.449860542217145,20.149860310377218,75.6,8,41
46.449860542217145,20.24986030997717,77.4,8,42
46.449860542217145,20.349860309577114,77.4,8,43
46.449860542217145,20.449860309177065,79.2,8,44
46.449860542217145,20.54986030877701,81.6,8,45
46.449860542217145,20.64986030837696,84.4,8,46
46.449860542217145,20.749860307976906,89.2,8,47
46.449860542217145,20.849860307576858,90.4,8,48
46.449860542217145,20.94986030717681,92.0,8,49
46.449860542217145,21.049860306776754,93.8,8,50
46.449860542217145,21.149860306376706,93.8,8,51
46.449860542217145,21.24986030597665,94.8,8,52
46.549860541899804,16.549860324779065,195.2,9,5
46.549860541899804,16.649860324379016,208.6,9,6
46.549860541899804,16.74986032397896,225.2,9,7
46.549860541899804,16.849860323578913,225.6,9,8
46.549860541899804,16.949860323178864,177.8,9,9
46.549860541899804,17.04986032277881,208.4,9,10
46.549860541899804,17.14986032237876,139.6,9,11
46.549860541899804,17.249860321978705,120.0,9,12
46.549860541899804,17.349860321578657,164.2,9,13
46.549860541899804,17.4498603211786,129.2,9,14
46.549860541899804,17.549860320778553,146.4,9,15
46.549860541899804,17.649860320378504,173.0,9,16
46.549860541899804,17.74986031997845,203.2,9,17
46.549860541899804,17.8498603195784,188.6,9,18
46.549860541899804,17.949860319178345,179.8,9,19
46.549860541899804,18.049860318778297,187.6,9,20
46.549860541899804,18.14986031837824,168.4,9,21
46.549860541899804,18.249860317978193,159.4,9,22
46.549860541899804,18.349860317578145,146.6,9,23
46.549860541899804,18.44986031717809,177.6,9,24
46.549860541899804,18.54986031677804,132.6,9,25
46.549860541899804,18.649860316377985,96.2,9,26
46.549860541899804,18.749860315977937,124.6,9,27
46.549860541899804,18.84986031557789,92.0,9,28
46.549860541899804,18.949860315177833,88.6,9,29
46.549860541899804,19.049860314777785,88.4,9,30
46.549860541899804,19.14986031437773,89.4,9,31
46.549860541899804,19.24986031397768,97.4,9,32
46.549860541899804,19.349860313577626,111.2,9,33
46.549860541899804,19.449860313177577,114.8,9,34
46.549860541899804,19.54986031277753,119.0,9,35
46.549860541899804,19.649860312377474,112.2,9,36
46.549860541899804,19.749860311977425,101.6,9,37
46.549860541899804,19.84986031157737,97.0,9,38
46.549860541899804,19.94986031117732,86.2,9,39
46.549860541899804,20.049860310777266,79.0,9,40
46.549860541899804,20.149860310377218,76.2,9,41
46.549860541899804,20.24986030997717,79.0,9,42
46.549860541899804,20.349860309577114,78.2,9,43
46.549860541899804,20.449860309177065,78.2,9,44
46.549860541899804,20.54986030877701,81.4,9,45
46.549860541899804,20.64986030837696,84.6,9,46
46.549860541899804,20.749860307976906,86.8,9,47
46.549860541899804,20.849860307576858,88.8,9,48
46.549860541899804,20.94986030717681,90.0,9,49
46.549860541899804,21.049860306776754,90.2,9,50
46.549860541899804,21.149860306376706,87.4,9,51
46.549860541899804,21.24986030597665,88.4,9,52
46.649860541582456,16.44986032517912,166.4,10,4
46.649860541582456,16.549860324779065,185.8,10,5
46.649860541582456,16.649860324379016,187.8,10,6
46.649860541582456,16.74986032397896,200.0,10,7
46.649860541582456,16.849860323578913,199.6,10,8
46.649860541582456,16.949860323178864,165.4,10,9
46.649860541582456,17.04986032277881,186.6,10,10
46.649860541582456,17.14986032237876,122.0,10,11
46.649860541582456,17.249860321978705,111.2,10,12
46.649860541582456,17.349860321578657,145.6,10,13
46.649860541582456,17.4498603211786,107.4,10,14
46.649860541582456,17.549860320778553,114.2,10,15
46.649860541582456,17.649860320378504,163.4,10,16
46.649860541582456,17.74986031997845,237.0,10,17
46.649860541582456,17.8498603195784,193.6,10,18
46.649860541582456,17.949860319178345,173.6,10,19
46.649860541582456,18.049860318778297,173.0,10,20
46.649860541582456,18.14986031837824,157.8,10,21
46.649860541582456,18.249860317978193,142.4,10,22
46.649860541582456,18.349860317578145,139.4,10,23
46.649860541582456,18.44986031717809,177.4,10,24
46.649860541582456,18.54986031677804,161.6,10,25
46.649860541582456,18.649860316377985,111.0,10,26
46.649860541582456,18.749860315977937,147.6,10,27
46.649860541582456,18.84986031557789,127.2,10,28
46.649860541582456,18.949860315177833,93.0,10,29
46.649860541582456,19.049860314777785,90.8,10,30
46.649860541582456,19.14986031437773,88.0,10,31
46.649860541582456,19.24986031397768,94.0,10,32
46.649860541582456,19.349860313577626,105.2,10,33
46.649860541582456,19.449860313177577,109.6,10,34
46.649860541582456,19.54986031277753,112.0,10,35
46.649860541582456,19.649860312377474,109.4,10,36
46.649860541582456,19.749860311977425,101.6,10,37
46.649860541582456,19.84986031157737,94.8,10,38
46.649860541582456,19.94986031117732,83.0,10,39
46.649860541582456,20.049860310777266,79.6,10,40
46.649860541582456,20.149860310377218,75.6,10,41
46.649860541582456,20.24986030997717,77.4,10,42
46.649860541582456,20.349860309577114,79.0,10,43
46.649860541582456,20.449860309177065,79.2,10,44
46.649860541582456,20.54986030877701,80.2,10,45
46.649860541582456,20.64986030837696,83.2,10,46
46.649860541582456,20.749860307976906,84.2,10,47
46.649860541582456,20.849860307576858,86.8,10,48
46.649860541582456,20.94986030717681,87.0,10,49
46.649860541582456,21.049860306776754,84.8,10,50
46.649860541582456,21.149860306376706,82.4,10,51
46.649860541582456,21.24986030597665,85.0,10,52
46.649860541582456,21.349860305576602,87.0,10,53
46.74986054126511,16.34986032557917,236.4,11,3
46.74986054126511,16.44986032517912,201.2,11,4
46.74986054126511,16.549860324779065,204.4,11,5
46.74986054126511,16.649860324379016,224.0,11,6
46.74986054126511,16.74986032397896,215.4,11,7
46.74986054126511,16.849860323578913,184.0,11,8
46.74986054126511,16.949860323178864,174.8,11,9
46.74986054126511,17.04986032277881,175.8,11,10
46.74986054126511,17.14986032237876,148.6,11,11
46.74986054126511,17.249860321978705,117.4,11,12
46.74986054126511,17.349860321578657,167.6,11,13
46.74986054126511,17.4498603211786,103.6,11,14
46.74986054126511,17.549860320778553,100.8,11,15
46.74986054126511,17.649860320378504,128.6,11,16
46.74986054126511,17.74986031997845,180.0,11,17
46.74986054126511,17.8498603195784,202.4,11,18
46.74986054126511,17.949860319178345,243.0,11,19
46.74986054126511,18.049860318778297,196.2,11,20
46.74986054126511,18.14986031837824,169.4,11,21
46.74986054126511,18.249860317978193,156.4,11,22
46.74986054126511,18.349860317578145,144.0,11,23
46.74986054126511,18.44986031717809,111.6,11,24
46.74986054126511,18.54986031677804,129.0,11,25
46.74986054126511,18.649860316377985,106.8,11,26
46.74986054126511,18.749860315977937,145.8,11,27
46.74986054126511,18.84986031557789,154.6,11,28
46.74986054126511,18.949860315177833,112.0,11,29
46.74986054126511,19.049860314777785,92.2,11,30
46.74986054126511,19.14986031437773,90.4,11,31
46.74986054126511,19.24986031397768,92.6,11,32
46.74986054126511,19.349860313577626,98.8,11,33
46.74986054126511,19.449860313177577,107.6,11,34
46.74986054126511,19.54986031277753,109.0,11,35
46.74986054126511,19.649860312377474,111.8,11,36
46.74986054126511,19.749860311977425,104.4,11,37
46.74986054126511,19.84986031157737,93.6,11,38
46.74986054126511,19.94986031117732,86.0,11,39
46.74986054126511,20.049860310777266,82.8,11,40
46.74986054126511,20.149860310377218,77.2,11,41
46.74986054126511,20.24986030997717,77.8,11,42
46.74986054126511,20.349860309577114,80.4,11,43
46.74986054126511,20.449860309177065,77.8,11,44
46.74986054126511,20.54986030877701,78.0,11,45
46.74986054126511,20.64986030837696,79.6,11,46
46.74986054126511,20.749860307976906,80.8,11,47
46.74986054126511,20.849860307576858,83.6,11,48
46.74986054126511,20.94986030717681,84.2,11,49
46.74986054126511,21.049860306776754,82.2,11,50
46.74986054126511,21.149860306376706,81.4,11,51
46.74986054126511,21.24986030597665,81.8,11,52
46.74986054126511,21.349860305576602,85.2,11,53
46.74986054126511,21.449860305176554,85.8,11,54
46.84986054094777,16.34986032557917,275.6,12,3
46.84986054094777,16.44986032517912,236.6,12,4
46.84986054094777,16.549860324779065,223.8,12,5
46.84986054094777,16.649860324379016,222.8,12,6
46.84986054094777,16.74986032397896,212.6,12,7
46.84986054094777,16.849860323578913,186.0,12,8
46.84986054094777,16.949860323178864,201.4,12,9
46.84986054094777,17.04986032277881,179.6,12,10
46.84986054094777,17.14986032237876,183.2,12,11
46.84986054094777,17.249860321978705,225.4,12,12
46.84986054094777,17.349860321578657,218.0,12,13
46.84986054094777,17.4498603211786,146.6,12,14
46.84986054094777,17.549860320778553,159.4,12,15
46.84986054094777,17.649860320378504,158.0,12,16
46.84986054094777,17.74986031997845,116.2,12,17
46.84986054094777,17.8498603195784,113.6,12,18
46.84986054094777,17.949860319178345,163.0,12,19
46.84986054094777,18.049860318778297,166.2,12,20
46.84986054094777,18.14986031837824,114.2,12,21
46.84986054094777,18.249860317978193,125.8,12,22
46.84986054094777,18.349860317578145,146.2,12,23
46.84986054094777,18.44986031717809,138.2,12,24
46.84986054094777,18.54986031677804,120.2,12,25
46.84986054094777,18.649860316377985,110.0,12,26
46.84986054094777,18.749860315977937,135.2,12,27
46.84986054094777,18.84986031557789,125.2,12,28
46.84986054094777,18.949860315177833,101.2,12,29
46.84986054094777,19.049860314777785,93.2,12,30
46.84986054094777,19.14986031437773,92.0,12,31
46.84986054094777,19.24986031397768,93.2,12,32
46.84986054094777,19.349860313577626,98.8,12,33
46.84986054094777,19.449860313177577,106.6,12,34
46.84986054094777,19.54986031277753,113.0,12,35
46.84986054094777,19.649860312377474,116.6,12,36
46.84986054094777,19.749860311977425,107.2,12,37
46.84986054094777,19.84986031157737,100.0,12,38
46.84986054094777,19.94986031117732,96.4,12,39
46.84986054094777,20.049860310777266,83.2,12,40
46.84986054094777,20.149860310377218,83.4,12,41
46.84986054094777,20.24986030997717,80.8,12,42
46.84986054094777,20.349860309577114,81.4,12,43
46.84986054094777,20.449860309177065,79.4,12,44
46.84986054094777,20.54986030877701,79.6,12,45
46.84986054094777,20.64986030837696,79.6,12,46
46.84986054094777,20.749860307976906,81.0,12,47
46.84986054094777,20.849860307576858,81.8,12,48
46.84986054094777,20.94986030717681,81.2,12,49
46.84986054094777,21.049860306776754,80.6,12,50
46.84986054094777,21.149860306376706,81.8,12,51
46.84986054094777,21.24986030597665,83.8,12,52
46.84986054094777,21.349860305576602,84.6,12,53
46.84986054094777,21.449860305176554,85.6,12,54
46.84986054094777,21.549860304776498,89.8,12,55
46.949860540630425,16.249860325979217,261.4,13,2
46.949860540630425,16.34986032557917,245.0,13,3
46.949860540630425,16.44986032517912,222.2,13,4
46.949860540630425,16.549860324779065,220.2,13,5
46.949860540630425,16.649860324379016,223.6,13,6
46.949860540630425,16.74986032397896,209.6,13,7
46.949860540630425,16.849860323578913,175.8,13,8
46.949860540630425,16.949860323178864,170.2,13,9
46.949860540630425,17.04986032277881,166.6,13,10
46.949860540630425,17.14986032237876,161.0,13,11
46.949860540630425,17.249860321978705,172.2,13,12
46.949860540630425,17.349860321578657,194.0,13,13
46.949860540630425,17.4498603211786,230.0,13,14
46.949860540630425,17.549860320778553,293.4,13,15
46.949860540630425,17.649860320378504,262.6,13,16
46.949860540630425,17.74986031997845,258.6,13,17
46.949860540630425,17.8498603195784,190.4,13,18
46.949860540630425,17.949860319178345,121.4,13,19
46.949860540630425,18.049860318778297,100.8,13,20
46.949860540630425,18.14986031837824,114.4,13,21
46.949860540630425,18.249860317978193,132.4,13,22
46.949860540630425,18.349860317578145,136.8,13,23
46.949860540630425,18.44986031717809,121.0,13,24
46.949860540630425,18.54986031677804,100.2,13,25
46.949860540630425,18.649860316377985,132.8,13,26
46.949860540630425,18.749860315977937,142.6,13,27
46.949860540630425,18.84986031557789,138.6,13,28
46.949860540630425,18.949860315177833,116.2,13,29
46.949860540630425,19.049860314777785,92.8,13,30
46.949860540630425,19.14986031437773,92.4,13,31
46.949860540630425,19.24986031397768,93.2,13,32
46.949860540630425,19.349860313577626,98.6,13,33
46.949860540630425,19.449860313177577,109.8,13,34
46.949860540630425,19.54986031277753,122.8,13,35
46.949860540630425,19.649860312377474,119.8,13,36
46.949860540630425,19.749860311977425,113.4,13,37
46.949860540630425,19.84986031157737,106.2,13,38
46.949860540630425,19.94986031117732,98.2,13,39
46.949860540630425,20.049860310777266,86.4,13,40
46.949860540630425,20.149860310377218,83.6,13,41
46.949860540630425,20.24986030997717,82.0,13,42
46.949860540630425,20.349860309577114,81.2,13,43
46.949860540630425,20.449860309177065,79.8,13,44
46.949860540630425,20.54986030877701,80.2,13,45
46.949860540630425,20.64986030837696,79.0,13,46
46.949860540630425,20.749860307976906,79.8,13,47
46.949860540630425,20.849860307576858,80.4,13,48
46.949860540630425,20.94986030717681,79.2,13,49
46.949860540630425,21.049860306776754,80.0,13,50
46.949860540630425,21.149860306376706,83.0,13,51
46.949860540630425,21.24986030597665,83.6,13,52
46.949860540630425,21.349860305576602,85.4,13,53
46.949860540630425,21.449860305176554,86.6,13,54
46.949860540630425,21.549860304776498,90.6,13,55
46.949860540630425,21.64986030437645,94.2,13,56
47.04986054031308,16.549860324779065,207.8,14,5
47.04986054031308,16.649860324379016,190.6,14,6
47.04986054031308,16.74986032397896,197.2,14,7
47.04986054031308,16.849860323578913,192.0,14,8
47.04986054031308,16.949860323178864,195.6,14,9
47.04986054031308,17.04986032277881,157.0,14,10
47.04986054031308,17.14986032237876,152.6,14,11
47.04986054031308,17.249860321978705,147.0,14,12
47.04986054031308,17.349860321578657,170.2,14,13
47.04986054031308,17.4498603211786,199.4,14,14
47.04986054031308,17.549860320778553,287.6,14,15
47.04986054031308,17.649860320378504,397.2,14,16
47.04986054031308,17.74986031997845,355.2,14,17
47.04986054031308,17.8498603195784,336.6,14,18
47.04986054031308,17.949860319178345,251.6,14,19
47.04986054031308,18.049860318778297,136.6,14,20
47.04986054031308,18.14986031837824,151.4,14,21
47.04986054031308,18.249860317978193,156.2,14,22
47.04986054031308,18.349860317578145,139.0,14,23
47.04986054031308,18.44986031717809,110.8,14,24
47.04986054031308,18.54986031677804,117.0,14,25
47.04986054031308,18.649860316377985,129.2,14,26
47.04986054031308,18.749860315977937,126.8,14,27
47.04986054031308,18.84986031557789,131.4,14,28
47.04986054031308,18.949860315177833,101.8,14,29
47.04986054031308,19.049860314777785,93.8,14,30
47.04986054031308,19.14986031437773,93.2,14,31
47.04986054031308,19.24986031397768,92.8,14,32
47.04986054031308,19.349860313577626,102.6,14,33
47.04986054031308,19.449860313177577,124.0,14,34
47.04986054031308,19.54986031277753,136.4,14,35
47.04986054031308,19.649860312377474,134.2,14,36
47.04986054031308,19.749860311977425,119.0,14,37
47.04986054031308,19.84986031157737,104.0,14,38
47.04986054031308,19.94986031117732,92.0,14,39
47.04986054031308,20.049860310777266,84.6,14,40
47.04986054031308,20.149860310377218,82.6,14,41
47.04986054031308,20.24986030997717,83.2,14,42
47.04986054031308,20.349860309577114,83.4,14,43
47.04986054031308,20.449860309177065,80.2,14,44
47.04986054031308,20.54986030877701,80.2,14,45
47.04986054031308,20.64986030837696,80.8,14,46
47.04986054031308,20.749860307976906,81.4,14,47
47.04986054031308,20.849860307576858,79.8,14,48
47.04986054031308,20.94986030717681,79.8,14,49
47.04986054031308,21.049860306776754,81.2,14,50
47.04986054031308,21.149860306376706,83.2,14,51
47.04986054031308,21.24986030597665,85.2,14,52
47.04986054031308,21.349860305576602,85.4,14,53
47.04986054031308,21.449860305176554,86.4,14,54
47.04986054031308,21.549860304776498,89.0,14,55
47.04986054031308,21.64986030437645,93.8,14,56
47.149860539995736,16.44986032517912,241.0,15,4
47.149860539995736,16.549860324779065,236.8,15,5
47.149860539995736,16.649860324379016,194.0,15,6
47.149860539995736,16.74986032397896,183.2,15,7
47.149860539995736,16.849860323578913,170.2,15,8
47.149860539995736,16.949860323178864,204.6,15,9
47.149860539995736,17.04986032277881,173.0,15,10
47.149860539995736,17.14986032237876,155.2,15,11
47.149860539995736,17.249860321978705,135.6,15,12
47.149860539995736,17.349860321578657,156.2,15,13
47.149860539995736,17.4498603211786,195.6,15,14
47.149860539995736,17.549860320778553,265.6,15,15
47.149860539995736,17.649860320378504,368.6,15,16
47.149860539995736,17.74986031997845,414.8,15,17
47.149860539995736,17.8498603195784,330.0,15,18
47.149860539995736,17.949860319178345,256.8,15,19
47.149860539995736,18.049860318778297,191.6,15,20
47.149860539995736,18.14986031837824,132.0,15,21
47.149860539995736,18.249860317978193,135.0,15,22
47.149860539995736,18.349860317578145,127.2,15,23
47.149860539995736,18.44986031717809,120.4,15,24
47.149860539995736,18.54986031677804,115.2,15,25
47.149860539995736,18.649860316377985,131.0,15,26
47.149860539995736,18.749860315977937,118.4,15,27
47.149860539995736,18.84986031557789,97.0,15,28
47.149860539995736,18.949860315177833,95.2,15,29
47.149860539995736,19.049860314777785,94.0,15,30
47.149860539995736,19.14986031437773,92.6,15,31
47.149860539995736,19.24986031397768,93.8,15,32
47.149860539995736,19.349860313577626,108.4,15,33
47.149860539995736,19.449860313177577,124.2,15,34
47.149860539995736,19.54986031277753,140.6,15,35
47.149860539995736,19.649860312377474,132.0,15,36
47.149860539995736,19.749860311977425,112.8,15,37
47.149860539995736,19.84986031157737,96.8,15,38
47.149860539995736,19.94986031117732,89.6,15,39
47.149860539995736,20.049860310777266,84.8,15,40
47.149860539995736,20.149860310377218,83.6,15,41
47.149860539995736,20.24986030997717,81.8,15,42
47.149860539995736,20.349860309577114,83.6,15,43
47.149860539995736,20.449860309177065,83.0,15,44
47.149860539995736,20.54986030877701,82.8,15,45
47.149860539995736,20.64986030837696,81.6,15,46
47.149860539995736,20.749860307976906,81.8,15,47
47.149860539995736,20.849860307576858,80.2,15,48
47.149860539995736,20.94986030717681,79.6,15,49
47.149860539995736,21.049860306776754,81.4,15,50
47.149860539995736,21.149860306376706,83.2,15,51
47.149860539995736,21.24986030597665,85.2,15,52
47.149860539995736,21.349860305576602,86.8,15,53
47.149860539995736,21.449860305176554,88.6,15,54
47.149860539995736,21.549860304776498,89.6,15,55
47.149860539995736,21.64986030437645,92.6,15,56
47.149860539995736,21.749860303976394,96.4,15,57
47.249860539678394,16.44986032517912,271.2,16,4
47.249860539678394,16.549860324779065,245.0,16,5
47.249860539678394,16.649860324379016,210.0,16,6
47.249860539678394,16.74986032397896,192.4,16,7
47.249860539678394,16.849860323578913,165.6,16,8
47.249860539678394,16.949860323178864,171.0,16,9
47.249860539678394,17.04986032277881,157.6,16,10
47.249860539678394,17.14986032237876,132.0,16,11
47.249860539678394,17.249860321978705,131.8,16,12
47.249860539678394,17.349860321578657,142.4,16,13
47.249860539678394,17.4498603211786,172.0,16,14
47.249860539678394,17.549860320778553,245.4,16,15
47.249860539678394,17.649860320378504,387.2,16,16
47.249860539678394,17.74986031997845,506.4,16,17
47.249860539678394,17.8498603195784,459.6,16,18
47.249860539678394,17.949860319178345,397.6,16,19
47.249860539678394,18.049860318778297,357.6,16,20
47.249860539678394,18.14986031837824,270.2,16,21
47.249860539678394,18.249860317978193,174.2,16,22
47.249860539678394,18.349860317578145,142.0,16,23
47.249860539678394,18.44986031717809,162.6,16,24
47.249860539678394,18.54986031677804,156.6,16,25
47.249860539678394,18.649860316377985,147.6,16,26
47.249860539678394,18.749860315977937,115.2,16,27
47.249860539678394,18.84986031557789,112.0,16,28
47.249860539678394,18.949860315177833,103.2,16,29
47.249860539678394,19.049860314777785,97.4,16,30
47.249860539678394,19.14986031437773,94.2,16,31
47.249860539678394,19.24986031397768,99.6,16,32
47.249860539678394,19.349860313577626,111.2,16,33
47.249860539678394,19.449860313177577,125.8,16,34
47.249860539678394,19.54986031277753,135.8,16,35
47.249860539678394,19.649860312377474,146.0,16,36
47.249860539678394,19.749860311977425,109.4,16,37
47.249860539678394,19.84986031157737,93.8,16,38
47.249860539678394,19.94986031117732,90.0,16,39
47.249860539678394,20.049860310777266,85.0,16,40
47.249860539678394,20.149860310377218,82.0,16,41
47.249860539678394,20.24986030997717,83.4,16,42
47.249860539678394,20.349860309577114,84.0,16,43
47.249860539678394,20.449860309177065,79.8,16,44
47.249860539678394,20.54986030877701,82.0,16,45
47.249860539678394,20.64986030837696,82.4,16,46
47.249860539678394,20.749860307976906,82.4,16,47
47.249860539678394,20.849860307576858,81.6,16,48
47.249860539678394,20.94986030717681,81.4,16,49
47.249860539678394,21.049860306776754,83.0,16,50
47.249860539678394,21.149860306376706,84.0,16,51
47.249860539678394,21.24986030597665,85.4,16,52
47.249860539678394,21.349860305576602,85.4,16,53
47.249860539678394,21.449860305176554,90.2,16,54
47.249860539678394,21.549860304776498,91.4,16,55
47.249860539678394,21.64986030437645,93.8,16,56
47.249860539678394,21.749860303976394,95.6,16,57
47.249860539678394,21.849860303576346,100.6,16,58
47.349860539361046,16.44986032517912,513.8,17,4
47.349860539361046,16.549860324779065,295.2,17,5
47.349860539361046,16.649860324379016,250.6,17,6
47.349860539361046,16.74986032397896,203.2,17,7
47.349860539361046,16.849860323578913,163.2,17,8
47.349860539361046,16.949860323178864,146.8,17,9
47.349860539361046,17.04986032277881,152.6,17,10
47.349860539361046,17.14986032237876,148.8,17,11
47.349860539361046,17.249860321978705,133.8,17,12
47.349860539361046,17.349860321578657,124.2,17,13
47.349860539361046,17.4498603211786,135.8,17,14
47.349860539361046,17.549860320778553,163.2,17,15
47.349860539361046,17.649860320378504,221.6,17,16
47.349860539361046,17.74986031997845,332.0,17,17
47.349860539361046,17.8498603195784,352.2,17,18
47.349860539361046,17.949860319178345,309.4,17,19
47.349860539361046,18.049860318778297,246.6,17,20
47.349860539361046,18.14986031837824,220.2,17,21
47.349860539361046,18.249860317978193,232.0,17,22
47.349860539361046,18.349860317578145,234.2,17,23
47.349860539361046,18.44986031717809,164.6,17,24
47.349860539361046,18.54986031677804,182.6,17,25
47.349860539361046,18.649860316377985,160.2,17,26
47.349860539361046,18.749860315977937,133.6,17,27
47.349860539361046,18.84986031557789,137.8,17,28
47.349860539361046,18.949860315177833,100.2,17,29
47.349860539361046,19.049860314777785,99.6,17,30
47.349860539361046,19.14986031437773,104.6,17,31
47.349860539361046,19.24986031397768,112.4,17,32
47.349860539361046,19.349860313577626,119.0,17,33
47.349860539361046,19.449860313177577,157.8,17,34
47.349860539361046,19.54986031277753,163.6,17,35
47.349860539361046,19.649860312377474,157.0,17,36
47.349860539361046,19.749860311977425,109.6,17,37
47.349860539361046,19.84986031157737,97.4,17,38
47.349860539361046,19.94986031117732,92.0,17,39
47.349860539361046,20.049860310777266,85.0,17,40
47.349860539361046,20.149860310377218,83.2,17,41
47.349860539361046,20.24986030997717,82.4,17,42
47.349860539361046,20.349860309577114,82.6,17,43
47.349860539361046,20.449860309177065,82.8,17,44
47.349860539361046,20.54986030877701,83.4,17,45
47.349860539361046,20.64986030837696,83.4,17,46
47.349860539361046,20.749860307976906,83.6,17,47
47.349860539361046,20.849860307576858,85.0,17,48
47.349860539361046,20.94986030717681,83.6,17,49
47.349860539361046,21.049860306776754,83.0,17,50
47.349860539361046,21.149860306376706,84.4,17,51
47.349860539361046,21.24986030597665,85.4,17,52
47.349860539361046,21.349860305576602,86.2,17,53
47.349860539361046,21.449860305176554,89.0,17,54
47.349860539361046,21.549860304776498,94.2,17,55
47.349860539361046,21.64986030437645,96.2,17,56
47.349860539361046,21.749860303976394,98.2,17,57
47.349860539361046,21.849860303576346,109.4,17,58
47.4498605390437,16.74986032397896,189.8,18,7
47.4498605390437,16.849860323578913,167.0,18,8
47.4498605390437,16.949860323178864,146.0,18,9
47.4498605390437,17.04986032277881,133.4,18,10
47.4498605390437,17.14986032237876,129.4,18,11
47.4498605390437,17.249860321978705,124.8,18,12
47.4498605390437,17.349860321578657,118.2,18,13
47.4498605390437,17.4498603211786,124.8,18,14
47.4498605390437,17.549860320778553,143.0,18,15
47.4498605390437,17.649860320378504,169.6,18,16
47.4498605390437,17.74986031997845,195.4,18,17
47.4498605390437,17.8498603195784,206.8,18,18
47.4498605390437,17.949860319178345,223.4,18,19
47.4498605390437,18.049860318778297,220.8,18,20
47.4498605390437,18.14986031837824,225.6,18,21
47.4498605390437,18.249860317978193,235.0,18,22
47.4498605390437,18.349860317578145,275.6,18,23
47.4498605390437,18.44986031717809,322.0,18,24
47.4498605390437,18.54986031677804,176.4,18,25
47.4498605390437,18.649860316377985,183.4,18,26
47.4498605390437,18.749860315977937,176.6,18,27
47.4498605390437,18.84986031557789,202.8,18,28
47.4498605390437,18.949860315177833,174.4,18,29
47.4498605390437,19.049860314777785,111.6,18,30
47.4498605390437,19.14986031437773,120.2,18,31
47.4498605390437,19.24986031397768,141.6,18,32
47.4498605390437,19.349860313577626,173.0,18,33
47.4498605390437,19.449860313177577,197.2,18,34
47.4498605390437,19.54986031277753,143.8,18,35
47.4498605390437,19.649860312377474,127.6,18,36
47.4498605390437,19.749860311977425,107.6,18,37
47.4498605390437,19.84986031157737,101.0,18,38
47.4498605390437,19.94986031117732,93.2,18,39
47.4498605390437,20.049860310777266,87.0,18,40
47.4498605390437,20.149860310377218,86.4,18,41
47.4498605390437,20.24986030997717,83.6,18,42
47.4498605390437,20.349860309577114,84.0,18,43
47.4498605390437,20.449860309177065,86.8,18,44
47.4498605390437,20.54986030877701,84.0,18,45
47.4498605390437,20.64986030837696,85.0,18,46
47.4498605390437,20.749860307976906,85.8,18,47
47.4498605390437,20.849860307576858,85.6,18,48
47.4498605390437,20.94986030717681,83.2,18,49
47.4498605390437,21.049860306776754,83.8,18,50
47.4498605390437,21.149860306376706,84.0,18,51
47.4498605390437,21.24986030597665,85.6,18,52
47.4498605390437,21.349860305576602,92.0,18,53
47.4498605390437,21.449860305176554,96.8,18,54
47.4498605390437,21.549860304776498,99.4,18,55
47.4498605390437,21.64986030437645,106.4,18,56
47.4498605390437,21.749860303976394,112.4,18,57
47.4498605390437,21.849860303576346,120.0,18,58
47.4498605390437,21.94986030317629,120.0,18,59
47.54986053872636,16.74986032397896,185.6,19,7
47.54986053872636,16.849860323578913,149.6,19,8
47.54986053872636,16.949860323178864,136.2,19,9
47.54986053872636,17.04986032277881,126.2,19,10
47.54986053872636,17.14986032237876,120.4,19,11
47.54986053872636,17.249860321978705,118.6,19,12
47.54986053872636,17.349860321578657,116.4,19,13
47.54986053872636,17.4498603211786,120.4,19,14
47.54986053872636,17.549860320778553,129.8,19,15
47.54986053872636,17.649860320378504,181.2,19,16
47.54986053872636,17.74986031997845,167.6,19,17
47.54986053872636,17.8498603195784,150.8,19,18
47.54986053872636,17.949860319178345,155.4,19,19
47.54986053872636,18.049860318778297,153.2,19,20
47.54986053872636,18.14986031837824,173.2,19,21
47.54986053872636,18.249860317978193,175.8,19,22
47.54986053872636,18.349860317578145,176.8,19,23
47.54986053872636,18.44986031717809,268.2,19,24
47.54986053872636,18.54986031677804,227.8,19,25
47.54986053872636,18.649860316377985,216.8,19,26
47.54986053872636,18.749860315977937,203.4,19,27
47.54986053872636,18.84986031557789,345.0,19,28
47.54986053872636,18.949860315177833,313.0,19,29
47.54986053872636,19.049860314777785,167.0,19,30
47.54986053872636,19.14986031437773,124.6,19,31
47.54986053872636,19.24986031397768,199.8,19,32
47.54986053872636,19.349860313577626,221.4,19,33
47.54986053872636,19.449860313177577,211.6,19,34
47.54986053872636,19.54986031277753,162.6,19,35
47.54986053872636,19.649860312377474,116.2,19,36
47.54986053872636,19.749860311977425,106.6,19,37
47.54986053872636,19.84986031157737,100.2,19,38
47.54986053872636,19.94986031117732,91.4,19,39
47.54986053872636,20.049860310777266,89.4,19,40
47.54986053872636,20.149860310377218,92.6,19,41
47.54986053872636,20.24986030997717,91.6,19,42
47.54986053872636,20.349860309577114,87.0,19,43
47.54986053872636,20.449860309177065,85.2,19,44
47.54986053872636,20.54986030877701,84.6,19,45
47.54986053872636,20.64986030837696,85.4,19,46
47.54986053872636,20.749860307976906,87.0,19,47
47.54986053872636,20.849860307576858,87.6,19,48
47.54986053872636,20.94986030717681,85.6,19,49
47.54986053872636,21.049860306776754,85.0,19,50
47.54986053872636,21.149860306376706,84.8,19,51
47.54986053872636,21.24986030597665,85.4,19,52
47.54986053872636,21.349860305576602,95.2,19,53
47.54986053872636,21.449860305176554,111.6,19,54
47.54986053872636,21.549860304776498,121.2,19,55
47.54986053872636,21.64986030437645,120.8,19,56
47.54986053872636,21.749860303976394,124.6,19,57
47.54986053872636,21.849860303576346,130.2,19,58
47.54986053872636,21.94986030317629,133.0,19,59
47.54986053872636,22.049860302776242,135.6,19,60
47.649860538409015,16.549860324779065,303.4,20,5
47.649860538409015,16.649860324379016,176.6,20,6
47.649860538409015,16.74986032397896,119.2,20,7
47.649860538409015,16.849860323578913,116.8,20,8
47.649860538409015,16.949860323178864,115.8,20,9
47.649860538409015,17.04986032277881,113.6,20,10
47.649860538409015,17.14986032237876,114.2,20,11
47.649860538409015,17.249860321978705,115.2,20,12
47.649860538409015,17.349860321578657,112.0,20,13
47.649860538409015,17.4498603211786,110.2,20,14
47.649860538409015,17.549860320778553,111.4,20,15
47.649860538409015,17.649860320378504,127.0,20,16
47.649860538409015,17.74986031997845,125.4,20,17
47.649860538409015,17.8498603195784,128.4,20,18
47.649860538409015,17.949860319178345,130.6,20,19
47.649860538409015,18.049860318778297,129.0,20,20
47.649860538409015,18.14986031837824,137.8,20,21
47.649860538409015,18.249860317978193,131.2,20,22
47.649860538409015,18.349860317578145,210.8,20,23
47.649860538409015,18.44986031717809,280.6,20,24
47.649860538409015,18.54986031677804,232.8,20,25
47.649860538409015,18.649860316377985,182.2,20,26
47.649860538409015,18.749860315977937,213.0,20,27
47.649860538409015,18.84986031557789,362.6,20,28
47.649860538409015,18.949860315177833,240.4,20,29
47.649860538409015,19.049860314777785,143.8,20,30
47.649860538409015,19.14986031437773,136.6,20,31
47.649860538409015,19.24986031397768,195.4,20,32
47.649860538409015,19.349860313577626,203.0,20,33
47.649860538409015,19.449860313177577,190.8,20,34
47.649860538409015,19.54986031277753,153.6,20,35
47.649860538409015,19.649860312377474,116.6,20,36
47.649860538409015,19.749860311977425,118.8,20,37
47.649860538409015,19.84986031157737,116.4,20,38
47.649860538409015,19.94986031117732,99.6,20,39
47.649860538409015,20.049860310777266,96.2,20,40
47.649860538409015,20.149860310377218,99.0,20,41
47.649860538409015,20.24986030997717,102.6,20,42
47.649860538409015,20.349860309577114,98.8,20,43
47.649860538409015,20.449860309177065,95.4,20,44
47.649860538409015,20.54986030877701,91.4,20,45
47.649860538409015,20.64986030837696,86.2,20,46
47.649860538409015,20.749860307976906,86.2,20,47
47.649860538409015,20.849860307576858,86.6,20,48
47.649860538409015,20.94986030717681,88.0,20,49
47.649860538409015,21.049860306776754,87.4,20,50
47.649860538409015,21.149860306376706,86.2,20,51
47.649860538409015,21.24986030597665,87.4,20,52
47.649860538409015,21.349860305576602,87.8,20,53
47.649860538409015,21.449860305176554,103.6,20,54
47.649860538409015,21.549860304776498,139.0,20,55
47.649860538409015,21.64986030437645,146.8,20,56
47.649860538409015,21.749860303976394,142.2,20,57
47.649860538409015,21.849860303576346,149.2,20,58
47.649860538409015,21.94986030317629,155.0,20,59
47.649860538409015,22.049860302776242,154.0,20,60
47.649860538409015,22.149860302376194,148.8,20,61
47.74986053809167,16.549860324779065,207.8,21,5
47.74986053809167,17.14986032237876,115.6,21,11
47.74986053809167,17.249860321978705,113.0,21,12
47.74986053809167,17.349860321578657,113.8,21,13
47.74986053809167,17.4498603211786,112.4,21,14
47.74986053809167,17.549860320778553,112.8,21,15
47.74986053809167,17.649860320378504,113.0,21,16
47.74986053809167,17.74986031997845,112.8,21,17
47.74986053809167,18.049860318778297,113.2,21,20
47.74986053809167,18.44986031717809,154.2,21,24
47.74986053809167,18.54986031677804,153.0,21,25
47.74986053809167,18.649860316377985,113.6,21,26
47.74986053809167,18.749860315977937,171.2,21,27
47.74986053809167,18.84986031557789,331.6,21,28
47.74986053809167,18.949860315177833,346.2,21,29
47.74986053809167,19.049860314777785,228.6,21,30
47.74986053809167,19.14986031437773,134.8,21,31
47.74986053809167,19.24986031397768,189.6,21,32
47.74986053809167,19.349860313577626,222.8,21,33
47.74986053809167,19.449860313177577,214.8,21,34
47.74986053809167,19.54986031277753,153.0,21,35
47.74986053809167,19.649860312377474,131.8,21,36
47.74986053809167,19.749860311977425,175.0,21,37
47.74986053809167,19.84986031157737,167.6,21,38
47.74986053809167,19.94986031117732,148.4,21,39
47.74986053809167,20.049860310777266,147.2,21,40
47.74986053809167,20.149860310377218,123.6,21,41
47.74986053809167,20.24986030997717,118.4,21,42
47.74986053809167,20.349860309577114,119.0,21,43
47.74986053809167,20.449860309177065,110.4,21,44
47.74986053809167,20.54986030877701,101.6,21,45
47.74986053809167,20.64986030837696,94.0,21,46
47.74986053809167,20.749860307976906,88.2,21,47
47.74986053809167,20.849860307576858,87.6,21,48
47.74986053809167,20.94986030717681,88.4,21,49
47.74986053809167,21.049860306776754,88.2,21,50
47.74986053809167,21.149860306376706,88.2,21,51
47.74986053809167,21.24986030597665,88.6,21,52
47.74986053809167,21.349860305576602,88.0,21,53
47.74986053809167,21.449860305176554,99.0,21,54
47.74986053809167,21.549860304776498,117.6,21,55
47.74986053809167,21.64986030437645,128.8,21,56
47.74986053809167,21.749860303976394,128.4,21,57
47.74986053809167,21.849860303576346,138.8,21,58
47.74986053809167,21.94986030317629,149.6,21,59
47.74986053809167,22.049860302776242,157.4,21,60
47.74986053809167,22.149860302376194,152.0,21,61
47.74986053809167,22.24986030197614,137.4,21,62
47.849860537774326,17.04986032277881,126.8,22,10
47.849860537774326,17.14986032237876,117.0,22,11
47.849860537774326,17.249860321978705,120.0,22,12
47.849860537774326,17.349860321578657,118.8,22,13
47.849860537774326,17.4498603211786,116.2,22,14
47.849860537774326,18.84986031557789,258.0,22,28
47.849860537774326,18.949860315177833,258.8,22,29
47.849860537774326,19.049860314777785,181.8,22,30
47.849860537774326,19.14986031437773,236.2,22,31
47.849860537774326,19.24986031397768,273.6,22,32
47.849860537774326,19.349860313577626,212.6,22,33
47.849860537774326,19.449860313177577,232.8,22,34
47.849860537774326,19.54986031277753,213.8,22,35
47.849860537774326,19.649860312377474,169.2,22,36
47.849860537774326,19.749860311977425,310.6,22,37
47.849860537774326,19.84986031157737,404.4,22,38
47.849860537774326,19.94986031117732,455.4,22,39
47.849860537774326,20.049860310777266,430.0,22,40
47.849860537774326,20.149860310377218,266.2,22,41
47.849860537774326,20.24986030997717,180.8,22,42
47.849860537774326,20.349860309577114,182.2,22,43
47.849860537774326,20.449860309177065,165.4,22,44
47.849860537774326,20.54986030877701,159.6,22,45
47.849860537774326,20.64986030837696,119.8,22,46
47.849860537774326,20.749860307976906,102.0,22,47
47.849860537774326,20.849860307576858,94.2,22,48
47.849860537774326,20.94986030717681,91.6,22,49
47.849860537774326,21.049860306776754,92.4,22,50
47.849860537774326,21.149860306376706,89.4,22,51
47.849860537774326,21.24986030597665,88.8,22,52
47.849860537774326,21.349860305576602,88.4,22,53
47.849860537774326,21.449860305176554,97.8,22,54
47.849860537774326,21.549860304776498,112.4,22,55
47.849860537774326,21.64986030437645,117.0,22,56
47.849860537774326,21.749860303976394,119.2,22,57
47.849860537774326,21.849860303576346,124.4,22,58
47.849860537774326,21.94986030317629,139.2,22,59
47.849860537774326,22.049860302776242,149.0,22,60
47.849860537774326,22.149860302376194,149.6,22,61
47.849860537774326,22.24986030197614,139.8,22,62
47.849860537774326,22.34986030157609,119.0,22,63
47.849860537774326,22.449860301176034,110.4,22,64
47.849860537774326,22.549860300775986,111.8,22,65
47.849860537774326,22.64986030037593,114.6,22,66
47.849860537774326,22.749860299975882,117.0,22,67
47.949860537456985,17.14986032237876,123.6,23,11
47.949860537456985,17.249860321978705,123.6,23,12
47.949860537456985,17.349860321578657,119.4,23,13
47.949860537456985,18.84986031557789,361.2,23,28
47.949860537456985,18.949860315177833,587.4,23,29
47.949860537456985,19.049860314777785,305.2,23,30
47.949860537456985,19.14986031437773,211.4,23,31
47.949860537456985,19.24986031397768,227.8,23,32
47.949860537456985,19.349860313577626,229.4,23,33
47.949860537456985,19.449860313177577,283.6,23,34
47.949860537456985,19.54986031277753,285.2,23,35
47.949860537456985,19.649860312377474,285.4,23,36
47.949860537456985,19.749860311977425,288.4,23,37
47.949860537456985,19.84986031157737,420.0,23,38
47.949860537456985,19.94986031117732,410.4,23,39
47.949860537456985,20.049860310777266,276.4,23,40
47.949860537456985,20.149860310377218,253.4,23,41
47.949860537456985,20.24986030997717,244.2,23,42
47.949860537456985,20.349860309577114,270.4,23,43
47.949860537456985,20.449860309177065,299.8,23,44
47.949860537456985,20.54986030877701,317.0,23,45
47.949860537456985,20.64986030837696,203.0,23,46
47.949860537456985,20.749860307976906,148.8,23,47
47.949860537456985,20.849860307576858,110.0,23,48
47.949860537456985,20.94986030717681,96.2,23,49
47.949860537456985,21.049860306776754,91.2,23,50
47.949860537456985,21.149860306376706,88.4,23,51
47.949860537456985,21.24986030597665,88.0,23,52
47.949860537456985,21.349860305576602,91.8,23,53
47.949860537456985,21.449860305176554,96.8,23,54
47.949860537456985,21.549860304776498,106.4,23,55
47.949860537456985,21.64986030437645,109.8,23,56
47.949860537456985,21.749860303976394,108.8,23,57
47.949860537456985,21.849860303576346,115.6,23,58
47.949860537456985,21.94986030317629,121.6,23,59
47.949860537456985,22.049860302776242,139.2,23,60
47.949860537456985,22.149860302376194,142.0,23,61
47.949860537456985,22.24986030197614,139.8,23,62
47.949860537456985,22.34986030157609,114.4,23,63
47.949860537456985,22.449860301176034,108.8,23,64
47.949860537456985,22.549860300775986,109.0,23,65
47.949860537456985,22.64986030037593,111.2,23,66
47.949860537456985,22.749860299975882,113.8,23,67
47.949860537456985,22.849860299575834,118.4,23,68
48.04986053713964,18.84986031557789,166.8,24,28
48.04986053713964,18.949860315177833,238.0,24,29
48.04986053713964,19.049860314777785,205.6,24,30
48.04986053713964,19.14986031437773,148.6,24,31
48.04986053713964,19.24986031397768,153.2,24,32
48.04986053713964,19.349860313577626,196.2,24,33
48.04986053713964,19.449860313177577,195.6,24,34
48.04986053713964,19.54986031277753,230.4,24,35
48.04986053713964,19.649860312377474,294.2,24,36
48.04986053713964,19.749860311977425,265.6,24,37
48.04986053713964,19.84986031157737,256.4,24,38
48.04986053713964,19.94986031117732,280.2,24,39
48.04986053713964,20.049860310777266,263.6,24,40
48.04986053713964,20.149860310377218,235.0,24,41
48.04986053713964,20.24986030997717,328.6,24,42
48.04986053713964,20.349860309577114,482.6,24,43
48.04986053713964,20.449860309177065,609.6,24,44
48.04986053713964,20.54986030877701,564.2,24,45
48.04986053713964,20.64986030837696,451.4,24,46
48.04986053713964,20.749860307976906,203.0,24,47
48.04986053713964,20.849860307576858,109.6,24,48
48.04986053713964,20.94986030717681,105.2,24,49
48.04986053713964,21.049860306776754,108.6,24,50
48.04986053713964,21.149860306376706,89.2,24,51
48.04986053713964,21.24986030597665,90.4,24,52
48.04986053713964,21.349860305576602,92.0,24,53
48.04986053713964,21.449860305176554,94.0,24,54
48.04986053713964,21.549860304776498,101.8,24,55
48.04986053713964,21.64986030437645,99.4,24,56
48.04986053713964,21.749860303976394,99.6,24,57
48.04986053713964,21.849860303576346,105.6,24,58
48.04986053713964,21.94986030317629,104.6,24,59
48.04986053713964,22.049860302776242,116.2,24,60
48.04986053713964,22.149860302376194,130.0,24,61
48.04986053713964,22.24986030197614,129.2,24,62
48.04986053713964,22.34986030157609,110.0,24,63
48.04986053713964,22.449860301176034,106.6,24,64
48.04986053713964,22.549860300775986,111.2,24,65
48.04986053713964,22.64986030037593,112.6,24,66
48.04986053713964,22.749860299975882,112.4,24,67
48.04986053713964,22.849860299575834,118.0,24,68
48.14986053682229,19.54986031277753,228.4,25,35
48.14986053682229,19.649860312377474,225.2,25,36
48.14986053682229,19.749860311977425,292.0,25,37
48.14986053682229,19.84986031157737,430.6,25,38
48.14986053682229,20.049860310777266,274.6,25,40
48.14986053682229,20.149860310377218,317.2,25,41
48.14986053682229,20.24986030997717,300.0,25,42
48.14986053682229,20.349860309577114,341.0,25,43
48.14986053682229,20.449860309177065,390.8,25,44
48.14986053682229,20.54986030877701,397.4,25,45
48.14986053682229,20.64986030837696,314.0,25,46
48.14986053682229,20.749860307976906,179.0,25,47
48.14986053682229,20.849860307576858,132.2,25,48
48.14986053682229,20.94986030717681,137.8,25,49
48.14986053682229,21.049860306776754,157.8,25,50
48.14986053682229,21.149860306376706,128.6,25,51
48.14986053682229,21.24986030597665,105.2,25,52
48.14986053682229,21.349860305576602,132.2,25,53
48.14986053682229,21.449860305176554,94.6,25,54
48.14986053682229,21.549860304776498,101.4,25,55
48.14986053682229,21.64986030437645,95.6,25,56
48.14986053682229,21.749860303976394,94.6,25,57
48.14986053682229,21.849860303576346,93.8,25,58
48.14986053682229,21.94986030317629,96.6,25,59
48.14986053682229,22.049860302776242,103.0,25,60
48.14986053682229,22.149860302376194,111.6,25,61
48.14986053682229,22.24986030197614,111.6,25,62
48.14986053682229,22.34986030157609,105.4,25,63
48.14986053682229,22.449860301176034,106.0,25,64
48.14986053682229,22.549860300775986,108.6,25,65
48.24986053650495,20.149860310377218,219.2,26,41
48.24986053650495,20.24986030997717,232.2,26,42
48.24986053650495,20.349860309577114,250.0,26,43
48.24986053650495,20.449860309177065,321.0,26,44
48.24986053650495,20.54986030877701,268.4,26,45
48.24986053650495,20.64986030837696,168.2,26,46
48.24986053650495,20.749860307976906,136.2,26,47
48.24986053650495,20.849860307576858,175.8,26,48
48.24986053650495,20.94986030717681,165.0,26,49
48.24986053650495,21.049860306776754,151.8,26,50
48.24986053650495,21.149860306376706,189.0,26,51
48.24986053650495,21.24986030597665,260.4,26,52
48.24986053650495,21.349860305576602,287.2,26,53
48.24986053650495,21.449860305176554,115.0,26,54
48.24986053650495,21.549860304776498,94.6,26,55
48.24986053650495,21.64986030437645,93.4,26,56
48.24986053650495,21.749860303976394,93.6,26,57
48.24986053650495,21.849860303576346,93.8,26,58
48.24986053650495,21.94986030317629,93.8,26,59
48.24986053650495,22.049860302776242,98.4,26,60
48.24986053650495,22.149860302376194,108.2,26,61
48.24986053650495,22.24986030197614,106.0,26,62
48.24986053650495,22.34986030157609,102.4,26,63
48.349860536187606,20.449860309177065,277.2,27,44
48.349860536187606,20.54986030877701,232.8,27,45
48.349860536187606,20.64986030837696,218.8,27,46
48.349860536187606,20.749860307976906,201.6,27,47
48.349860536187606,20.849860307576858,203.6,27,48
48.349860536187606,20.94986030717681,221.6,27,49
48.349860536187606,21.049860306776754,202.0,27,50
48.349860536187606,21.149860306376706,178.6,27,51
48.349860536187606,21.24986030597665,300.4,27,52
48.349860536187606,21.349860305576602,464.6,27,53
48.349860536187606,21.449860305176554,332.2,27,54
48.349860536187606,21.549860304776498,210.4,27,55
48.349860536187606,21.64986030437645,108.8,27,56
48.349860536187606,21.849860303576346,95.6,27,58
48.349860536187606,21.94986030317629,94.4,27,59
48.349860536187606,22.049860302776242,98.6,27,60
48.349860536187606,22.149860302376194,108.0,27,61
48.349860536187606,22.24986030197614,104.4,27,62
48.44986053587026,20.54986030877701,320.2,28,45
48.44986053587026,20.64986030837696,285.4,28,46
48.44986053587026,20.749860307976906,244.0,28,47
48.44986053587026,20.849860307576858,230.6,28,48
48.44986053587026,20.94986030717681,240.4,28,49
48.44986053587026,21.049860306776754,261.0,28,50
48.44986053587026,21.149860306376706,216.0,28,51
48.44986053587026,21.24986030597665,237.0,28,52
48.44986053587026,21.349860305576602,433.4,28,53
48.44986053587026,21.449860305176554,361.8,28,54
48.44986053587026,21.549860304776498,283.2,28,55
48.54986053555292,20.64986030837696,353.0,29,46
48.54986053555292,20.749860307976906,256.2,29,47
48.54986053555292,20.849860307576858,219.2,29,48
48.54986053555292,21.349860305576602,251.6,29,53
48.54986053555292,21.449860305176554,391.0,29,54
